<?xml version="1.0" encoding="utf-8"?>
<VugenScriptMetadata>
  <ScriptName>WebHttpHtml19</ScriptName>
  <Protocol>Web - HTTP/HTML</Protocol>
  <ActionFiles>
    <FileEntry Name="vuser_init.c" Filter="2" />
    <FileEntry Name="Action.c" Filter="2" />
    <FileEntry Name="vuser_end.c" Filter="2" />
  </ActionFiles>
  <GeneralFiles>
    <FileEntry Name="WebHttpHtml19.usr" Filter="4" />
    <FileEntry Name="default.cfg" Filter="4" />
    <FileEntry Name="default.usp" Filter="4" />
    <FileEntry Name="WebHttpHtml19.prm" Filter="2" />
    <FileEntry Name="globals.h" Filter="2" />
    <FileEntry Name="id.dat" Filter="2" />
    <FileEntry Name="login.dat" Filter="2" />
    <FileEntry Name="folder_name.dat" Filter="2" />
    <FileEntry Name="letter_topic.dat" Filter="2" />
    <FileEntry Name="message.dat" Filter="2" />
    <FileEntry Name="reciever.dat" Filter="2" />
    <FileEntry Name="combined_WebHttpHtml19.c" Filter="2" />
    <FileEntry Name="pre_cci.c" Filter="2" />
    <FileEntry Name="102903600441.idx" Filter="1" />
    <FileEntry Name="111801476441.idx" Filter="1" />
    <FileEntry Name="207061376441.idx" Filter="1" />
    <FileEntry Name="216157724441.idx" Filter="1" />
    <FileEntry Name="21615772444_nVU.447.idx" Filter="1" />
    <FileEntry Name="21615772444_vRm.157.idx" Filter="1" />
    <FileEntry Name="24044267441.idx" Filter="1" />
    <FileEntry Name="264020545441.idx" Filter="1" />
    <FileEntry Name="Bookmarks.xml" Filter="1" />
    <FileEntry Name="Breakpoints.xml" Filter="1" />
    <FileEntry Name="CompilerLogMetadata.xml" Filter="1" />
    <FileEntry Name="custom_body_variables.txt" Filter="1" />
    <FileEntry Name="logfile.log" Filter="1" />
    <FileEntry Name="lrw_custom_body.h" Filter="1" />
    <FileEntry Name="mdrv.log" Filter="1" />
    <FileEntry Name="mdrv2yN.917.log" Filter="1" />
    <FileEntry Name="mdrv33o.243.log" Filter="1" />
    <FileEntry Name="mdrv35O.7.log" Filter="1" />
    <FileEntry Name="mdrvBGX.115.log" Filter="1" />
    <FileEntry Name="mdrvGq3.817.log" Filter="1" />
    <FileEntry Name="mdrvUCB.51.log" Filter="1" />
    <FileEntry Name="mdrv_cmd.txt" Filter="1" />
    <FileEntry Name="options.txt" Filter="1" />
    <FileEntry Name="output.bak" Filter="1" />
    <FileEntry Name="output.txt" Filter="1" />
    <FileEntry Name="OutputColoringDatabase.json" Filter="1" />
    <FileEntry Name="ReplaySummaryReport.xml" Filter="1" />
    <FileEntry Name="ScriptUploadMetadata.xml" Filter="1" />
    <FileEntry Name="ThumbnailsCache.tmp" Filter="1" />
    <FileEntry Name="TransactionsData.db" Filter="1" />
    <FileEntry Name="UserTasks.xml" Filter="1" />
    <FileEntry Name="WebHttpHtml19.c.pickle" Filter="1" />
    <FileEntry Name="WebHttpHtml19.ci" Filter="1" />
    <FileEntry Name="WebHttpHtml19.prm.bak" Filter="1" />
    <FileEntry Name="data\" Filter="1" />
    <FileEntry Name="result1\" Filter="1" />
  </GeneralFiles>
</VugenScriptMetadata>