<?xml version="1.0" encoding="utf-8"?>
<VugenScriptMetadata>
  <ScriptName>WebHttpHtml17</ScriptName>
  <Protocol>Web - HTTP/HTML</Protocol>
  <ActionFiles>
    <FileEntry Name="vuser_init.c" Filter="2" />
    <FileEntry Name="Action.c" Filter="2" />
    <FileEntry Name="vuser_end.c" Filter="2" />
  </ActionFiles>
  <GeneralFiles>
    <FileEntry Name="WebHttpHtml17.usr" Filter="4" />
    <FileEntry Name="default.cfg" Filter="4" />
    <FileEntry Name="default.usp" Filter="4" />
    <FileEntry Name="WebHttpHtml17.prm" Filter="2" />
    <FileEntry Name="globals.h" Filter="2" />
    <FileEntry Name="id.dat" Filter="2" />
    <FileEntry Name="letter_topic.dat" Filter="2" />
    <FileEntry Name="login.dat" Filter="2" />
    <FileEntry Name="get_sec.c" Filter="2" />
    <FileEntry Name="message.dat" Filter="2" />
    <FileEntry Name="combined_WebHttpHtml17.c" Filter="2" />
    <FileEntry Name="pre_cci.c" Filter="2" />
    <FileEntry Name="102243091441.idx" Filter="1" />
    <FileEntry Name="104344912441.idx" Filter="1" />
    <FileEntry Name="216682300441.idx" Filter="1" />
    <FileEntry Name="21668230044_5AV.133.idx" Filter="1" />
    <FileEntry Name="21668230044_6jy.981.idx" Filter="1" />
    <FileEntry Name="21668230044_9cs.235.idx" Filter="1" />
    <FileEntry Name="21668230044_Bta.419.idx" Filter="1" />
    <FileEntry Name="21668230044_C4A.891.idx" Filter="1" />
    <FileEntry Name="21668230044_cUi.621.idx" Filter="1" />
    <FileEntry Name="21668230044_h6p.517.idx" Filter="1" />
    <FileEntry Name="21668230044_ie4.911.idx" Filter="1" />
    <FileEntry Name="21668230044_jjQ.619.idx" Filter="1" />
    <FileEntry Name="21668230044_LXt.373.idx" Filter="1" />
    <FileEntry Name="21668230044_nuN.643.idx" Filter="1" />
    <FileEntry Name="21668230044_nYG.823.idx" Filter="1" />
    <FileEntry Name="21668230044_Nzt.97.idx" Filter="1" />
    <FileEntry Name="21668230044_omT.391.idx" Filter="1" />
    <FileEntry Name="21668230044_oZU.869.idx" Filter="1" />
    <FileEntry Name="21668230044_qkH.15.idx" Filter="1" />
    <FileEntry Name="21668230044_r0H.891.idx" Filter="1" />
    <FileEntry Name="21668230044_ROl.837.idx" Filter="1" />
    <FileEntry Name="21668230044_ufP.415.idx" Filter="1" />
    <FileEntry Name="21668230044_VwJ.685.idx" Filter="1" />
    <FileEntry Name="21668230044_W8k.37.idx" Filter="1" />
    <FileEntry Name="21668230044_wJk.907.idx" Filter="1" />
    <FileEntry Name="21668230044_xoN.733.idx" Filter="1" />
    <FileEntry Name="21668230044_xS2.993.idx" Filter="1" />
    <FileEntry Name="21668230044_xyE.567.idx" Filter="1" />
    <FileEntry Name="21668230044_zCR.363.idx" Filter="1" />
    <FileEntry Name="245912708441.idx" Filter="1" />
    <FileEntry Name="24591270844_5j1.908.idx" Filter="1" />
    <FileEntry Name="24591270844_6Ig.931.idx" Filter="1" />
    <FileEntry Name="24591270844_6rP.989.idx" Filter="1" />
    <FileEntry Name="24591270844_71p.620.idx" Filter="1" />
    <FileEntry Name="24591270844_71R.98.idx" Filter="1" />
    <FileEntry Name="24591270844_85K.16.idx" Filter="1" />
    <FileEntry Name="24591270844_8lg.21.idx" Filter="1" />
    <FileEntry Name="24591270844_8Oq.489.idx" Filter="1" />
    <FileEntry Name="24591270844_8t0.892.idx" Filter="1" />
    <FileEntry Name="24591270844_a8A.205.idx" Filter="1" />
    <FileEntry Name="24591270844_B4Z.845.idx" Filter="1" />
    <FileEntry Name="24591270844_bdH.627.idx" Filter="1" />
    <FileEntry Name="24591270844_bg8.531.idx" Filter="1" />
    <FileEntry Name="24591270844_BQG.425.idx" Filter="1" />
    <FileEntry Name="24591270844_bV1.870.idx" Filter="1" />
    <FileEntry Name="24591270844_C1Q.838.idx" Filter="1" />
    <FileEntry Name="24591270844_C3I.518.idx" Filter="1" />
    <FileEntry Name="24591270844_cBw.813.idx" Filter="1" />
    <FileEntry Name="24591270844_d2R.123.idx" Filter="1" />
    <FileEntry Name="24591270844_d87.364.idx" Filter="1" />
    <FileEntry Name="24591270844_dO7.912.idx" Filter="1" />
    <FileEntry Name="24591270844_EI3.134.idx" Filter="1" />
    <FileEntry Name="24591270844_ent.982.idx" Filter="1" />
    <FileEntry Name="24591270844_EnY.374.idx" Filter="1" />
    <FileEntry Name="24591270844_ETC.994.idx" Filter="1" />
    <FileEntry Name="24591270844_FWk.127.idx" Filter="1" />
    <FileEntry Name="24591270844_gsf.39.idx" Filter="1" />
    <FileEntry Name="24591270844_ItG.983.idx" Filter="1" />
    <FileEntry Name="24591270844_J7a.236.idx" Filter="1" />
    <FileEntry Name="24591270844_lkr.461.idx" Filter="1" />
    <FileEntry Name="24591270844_Mqq.79.idx" Filter="1" />
    <FileEntry Name="24591270844_O09.38.idx" Filter="1" />
    <FileEntry Name="24591270844_P86.373.idx" Filter="1" />
    <FileEntry Name="24591270844_pKw.644.idx" Filter="1" />
    <FileEntry Name="24591270844_Pqi.543.idx" Filter="1" />
    <FileEntry Name="24591270844_RgN.734.idx" Filter="1" />
    <FileEntry Name="24591270844_rWr.622.idx" Filter="1" />
    <FileEntry Name="24591270844_SoP.892.idx" Filter="1" />
    <FileEntry Name="24591270844_TiE.824.idx" Filter="1" />
    <FileEntry Name="24591270844_Ttj.420.idx" Filter="1" />
    <FileEntry Name="24591270844_UGG.392.idx" Filter="1" />
    <FileEntry Name="24591270844_uKu.165.idx" Filter="1" />
    <FileEntry Name="24591270844_v8a.416.idx" Filter="1" />
    <FileEntry Name="24591270844_voD.739.idx" Filter="1" />
    <FileEntry Name="24591270844_wZ7.391.idx" Filter="1" />
    <FileEntry Name="24591270844_Wz8.751.idx" Filter="1" />
    <FileEntry Name="24591270844_x61.686.idx" Filter="1" />
    <FileEntry Name="24591270844_xHB.173.idx" Filter="1" />
    <FileEntry Name="24591270844_Yf0.513.idx" Filter="1" />
    <FileEntry Name="24591270844_ziT.568.idx" Filter="1" />
    <FileEntry Name="Bookmarks.xml" Filter="1" />
    <FileEntry Name="Breakpoints.xml" Filter="1" />
    <FileEntry Name="CompilerLogMetadata.xml" Filter="1" />
    <FileEntry Name="custom_body_variables.txt" Filter="1" />
    <FileEntry Name="data.zip" Filter="1" />
    <FileEntry Name="logfile.log" Filter="1" />
    <FileEntry Name="lrw_custom_body.h" Filter="1" />
    <FileEntry Name="mdrv.log" Filter="1" />
    <FileEntry Name="mdrv3xJ.625.log" Filter="1" />
    <FileEntry Name="mdrv7nD.707.log" Filter="1" />
    <FileEntry Name="mdrvBzJ.853.log" Filter="1" />
    <FileEntry Name="mdrvD6k.935.log" Filter="1" />
    <FileEntry Name="mdrvEJO.585.log" Filter="1" />
    <FileEntry Name="mdrvGs8.861.log" Filter="1" />
    <FileEntry Name="mdrvhbG.391.log" Filter="1" />
    <FileEntry Name="mdrvkD5.991.log" Filter="1" />
    <FileEntry Name="mdrvken.161.log" Filter="1" />
    <FileEntry Name="mdrvLtN.967.log" Filter="1" />
    <FileEntry Name="mdrvnUu.921.log" Filter="1" />
    <FileEntry Name="mdrvq9K.141.log" Filter="1" />
    <FileEntry Name="mdrvt5D.295.log" Filter="1" />
    <FileEntry Name="mdrvUjf.861.log" Filter="1" />
    <FileEntry Name="mdrvyGi.87.log" Filter="1" />
    <FileEntry Name="mdrvZjP.61.log" Filter="1" />
    <FileEntry Name="mdrv_cmd.txt" Filter="1" />
    <FileEntry Name="options.txt" Filter="1" />
    <FileEntry Name="output.bak" Filter="1" />
    <FileEntry Name="output.txt" Filter="1" />
    <FileEntry Name="OutputColoringDatabase.json" Filter="1" />
    <FileEntry Name="ReplaySummaryReport.xml" Filter="1" />
    <FileEntry Name="ScriptUploadMetadata.xml" Filter="1" />
    <FileEntry Name="ThumbnailsCache.tmp" Filter="1" />
    <FileEntry Name="TransactionsData.db" Filter="1" />
    <FileEntry Name="UserTasks.xml" Filter="1" />
    <FileEntry Name="WebHttpHtml17.c.pickle" Filter="1" />
    <FileEntry Name="WebHttpHtml17.ci" Filter="1" />
    <FileEntry Name="WebHttpHtml17.prm.bak" Filter="1" />
    <FileEntry Name="data\" Filter="1" />
    <FileEntry Name="result1\" Filter="1" />
  </GeneralFiles>
</VugenScriptMetadata>