<?xml version="1.0" encoding="utf-8"?>
<VugenScriptMetadata>
  <ScriptName>WebHttpHtml18</ScriptName>
  <Protocol>Web - HTTP/HTML</Protocol>
  <ActionFiles>
    <FileEntry Name="vuser_init.c" Filter="2" />
    <FileEntry Name="Action.c" Filter="2" />
    <FileEntry Name="vuser_end.c" Filter="2" />
  </ActionFiles>
  <GeneralFiles>
    <FileEntry Name="WebHttpHtml18.usr" Filter="4" />
    <FileEntry Name="default.cfg" Filter="4" />
    <FileEntry Name="default.usp" Filter="4" />
    <FileEntry Name="WebHttpHtml18.prm" Filter="2" />
    <FileEntry Name="globals.h" Filter="2" />
    <FileEntry Name="uid1.dat" Filter="2" />
    <FileEntry Name="uid2.dat" Filter="2" />
    <FileEntry Name="uid4.dat" Filter="2" />
    <FileEntry Name="login.dat" Filter="2" />
    <FileEntry Name="participant.dat" Filter="2" />
    <FileEntry Name="title.dat" Filter="2" />
    <FileEntry Name="uid5.dat" Filter="2" />
    <FileEntry Name="combined_WebHttpHtml18.c" Filter="2" />
    <FileEntry Name="pre_cci.c" Filter="2" />
    <FileEntry Name="12649844441.idx" Filter="1" />
    <FileEntry Name="12780948441.idx" Filter="1" />
    <FileEntry Name="12846532441.idx" Filter="1" />
    <FileEntry Name="13108740441.idx" Filter="1" />
    <FileEntry Name="210390700441.idx" Filter="1" />
    <FileEntry Name="21039070044_0SB.107.idx" Filter="1" />
    <FileEntry Name="21039070044_1av.677.idx" Filter="1" />
    <FileEntry Name="21039070044_2Od.965.idx" Filter="1" />
    <FileEntry Name="21039070044_4fF.901.idx" Filter="1" />
    <FileEntry Name="21039070044_5s2.353.idx" Filter="1" />
    <FileEntry Name="21039070044_9qb.51.idx" Filter="1" />
    <FileEntry Name="21039070044_AQy.767.idx" Filter="1" />
    <FileEntry Name="21039070044_ASU.525.idx" Filter="1" />
    <FileEntry Name="21039070044_BMJ.961.idx" Filter="1" />
    <FileEntry Name="21039070044_Cml.687.idx" Filter="1" />
    <FileEntry Name="21039070044_ePS.347.idx" Filter="1" />
    <FileEntry Name="21039070044_fan.279.idx" Filter="1" />
    <FileEntry Name="21039070044_hIn.809.idx" Filter="1" />
    <FileEntry Name="21039070044_HnJ.929.idx" Filter="1" />
    <FileEntry Name="21039070044_HSb.989.idx" Filter="1" />
    <FileEntry Name="21039070044_ihQ.151.idx" Filter="1" />
    <FileEntry Name="21039070044_J5z.209.idx" Filter="1" />
    <FileEntry Name="21039070044_lMx.513.idx" Filter="1" />
    <FileEntry Name="21039070044_lot.85.idx" Filter="1" />
    <FileEntry Name="21039070044_MEq.803.idx" Filter="1" />
    <FileEntry Name="21039070044_mJX.807.idx" Filter="1" />
    <FileEntry Name="21039070044_NGJ.981.idx" Filter="1" />
    <FileEntry Name="21039070044_o1R.535.idx" Filter="1" />
    <FileEntry Name="21039070044_p7C.719.idx" Filter="1" />
    <FileEntry Name="21039070044_pd1.463.idx" Filter="1" />
    <FileEntry Name="21039070044_PfB.849.idx" Filter="1" />
    <FileEntry Name="21039070044_QWE.227.idx" Filter="1" />
    <FileEntry Name="21039070044_RIr.139.idx" Filter="1" />
    <FileEntry Name="21039070044_rk7.91.idx" Filter="1" />
    <FileEntry Name="21039070044_skv.175.idx" Filter="1" />
    <FileEntry Name="21039070044_urz.403.idx" Filter="1" />
    <FileEntry Name="21039070044_uTl.685.idx" Filter="1" />
    <FileEntry Name="21039070044_VOL.711.idx" Filter="1" />
    <FileEntry Name="21039070044_WFu.927.idx" Filter="1" />
    <FileEntry Name="21039070044_Wm0.495.idx" Filter="1" />
    <FileEntry Name="21039070044_x4q.85.idx" Filter="1" />
    <FileEntry Name="21039070044_yro.83.idx" Filter="1" />
    <FileEntry Name="21039070044_YrU.283.idx" Filter="1" />
    <FileEntry Name="236855336441.idx" Filter="1" />
    <FileEntry Name="39810001441.idx" Filter="1" />
    <FileEntry Name="Bookmarks.xml" Filter="1" />
    <FileEntry Name="Breakpoints.xml" Filter="1" />
    <FileEntry Name="CompilerLogMetadata.xml" Filter="1" />
    <FileEntry Name="data.zip" Filter="1" />
    <FileEntry Name="logfile.log" Filter="1" />
    <FileEntry Name="mdrv.log" Filter="1" />
    <FileEntry Name="mdrv1LX.635.log" Filter="1" />
    <FileEntry Name="mdrvuQE.781.log" Filter="1" />
    <FileEntry Name="mdrvYyv.835.log" Filter="1" />
    <FileEntry Name="mdrv_cmd.txt" Filter="1" />
    <FileEntry Name="options.txt" Filter="1" />
    <FileEntry Name="output.bak" Filter="1" />
    <FileEntry Name="output.txt" Filter="1" />
    <FileEntry Name="OutputColoringDatabase.json" Filter="1" />
    <FileEntry Name="ReplaySummaryReport.xml" Filter="1" />
    <FileEntry Name="ScriptUploadMetadata.xml" Filter="1" />
    <FileEntry Name="ThumbnailsCache.tmp" Filter="1" />
    <FileEntry Name="TransactionsData.db" Filter="1" />
    <FileEntry Name="UserTasks.xml" Filter="1" />
    <FileEntry Name="WebHttpHtml18.c.pickle" Filter="1" />
    <FileEntry Name="WebHttpHtml18.ci" Filter="1" />
    <FileEntry Name="WebHttpHtml18.prm.bak" Filter="1" />
    <FileEntry Name="data\" Filter="1" />
    <FileEntry Name="result1\" Filter="1" />
  </GeneralFiles>
</VugenScriptMetadata>